{
  "type" : "monster",
  "name": "Alien",
  "hitPoint": 100,
  "size" : [24.0, 34.0],
  "textureShift" : [0.0, -16.0],
  "bulletRadius" : 16.0,
  "collisionRadius" : 12.0,
  "hasBlood" : true,
  
  "experience" : 20,
  
  "animations" : 
  {
	"stand" : 
	{
		"baseFolder" : "resources/monsters/alien/art",
		"looped" : true,
		"frameDuration" : 0.5,
		"frames":
		[
			"0.png"
		]
	},
	
	"walk" : 
	{
		"baseFolder" : "resources/monsters/alien/art",
		"looped" : true,
		"frameDuration" : 0.1,
		"frames":
		[
			"0.png",
			"1.png",
			"2.png",
			"3.png",
			"0.png",
			"4.png",
			"5.png",
			"6.png"
		]
	},
	
	"attack" : 
	{
		"baseFolder" : "resources/monsters/alien/art",
		"frameDuration" : 0.1,
		"frames":
		[
			"7.png",
			"8.png",
			"9.png",
			"10.png",
			"11.png"
		]
	}
  },
  
  "scriptFile" : "resources/monsters/alien/alien.lua",
  "scriptName" : "Alien",
  
  "bodyParts" : [
	"resources/monsters/alien/art/head.png", 
	["resources/monsters/alien/art/arm1.png", 15.0, 6.0],
	["resources/monsters/alien/art/arm2.png", -15.0, 6.0],
	["resources/monsters/alien/art/part1.png", 13.0, -3.0],
	["resources/monsters/alien/art/part2.png", -15.0, 6.0],
	["resources/monsters/alien/art/part3.png", -5.0, -4.0],
	["resources/monsters/alien/art/part4.png", 13.0, 9.0],
	["resources/monsters/alien/art/part5.png", -14.0, 7.0]
  ],
  
  "bodyPartBits" : [
	"resources/monsters/alien/art/bit0.png", 
	"resources/monsters/alien/art/bit1.png", 
	"resources/monsters/alien/art/bit2.png", 
	"resources/monsters/alien/art/bit3.png", 
	"resources/monsters/alien/art/bit4.png", 
	"resources/monsters/alien/art/bit5.png", 
	"resources/monsters/alien/art/bit6.png", 
	"resources/monsters/alien/art/bit7.png", 
	"resources/monsters/alien/art/bit8.png" 
  ]
}