{
  "type" : "monster",
  "name": "Spider",
  "hitPoint": 100,
  "size" : [30.0, 30.0],
  "textureShift" : [0.0, 0.0],
  "bulletRadius" : 16.0,
  "collisionRadius" : 12.0,
  "hasBlood" : true,
  
  "experience" : 20,
  
  "animations" : 
  {
	"stand" : 
	{
		"baseFolder" : "resources/monsters/spider/art",
		"looped" : true,
		"frameDuration" : 0.5,
		"frames":
		[
			"s0.png"
		]
	},
	
	"walk" : 
	{
		"baseFolder" : "resources/monsters/spider/art",
		"looped" : true,
		"frameDuration" : 0.1,
		"frames":
		[
			"s0.png",
			"s1.png",
			"s2.png",
			"s1.png"
		]
	},
	
	"attack" : 
	{
		"baseFolder" : "resources/monsters/spider/art",
		"frameDuration" : 0.1,
		"frames":
		[
			"s0.png",
			"a0.png",
			"a1.png",
			"a2.png",
			"a3.png",
			"a1.png"
		]
	}
  },
  
  "scriptFile" : "resources/monsters/spider/spider.lua",
  "scriptName" : "Spider",
  
  "bodyParts" : [
	["resources/monsters/spider/art/part0.png", 0.0, 8.0],
	["resources/monsters/spider/art/part1.png", -10.0, -2.0],
	["resources/monsters/spider/art/part2.png", 9.0, 2.0],
	["resources/monsters/spider/art/part3.png", 12.0, -7.0],
	["resources/monsters/spider/art/part4.png", -2.0, -7.0],
	["resources/monsters/spider/art/part5.png", 0.0, 0.0]
  ],
  
  "bodyPartBits" : [
	"resources/monsters/spider/art/bit0.png", 
	"resources/monsters/spider/art/bit1.png", 
	"resources/monsters/spider/art/bit2.png", 
	"resources/monsters/spider/art/bit3.png", 
	"resources/monsters/spider/art/bit4.png", 
	"resources/monsters/spider/art/bit5.png", 
	"resources/monsters/spider/art/bit6.png", 
	"resources/monsters/spider/art/bit7.png", 
	"resources/monsters/spider/art/bit8.png"
  ]
}