{
    "type" : "particle",
    "maxLifeTime" : 1.0,
    
    "vertexShader" : "shader.vs",
    "pixelShader" : "shader.ps",
    
    "textures" : "particle.png",
    
    "scriptFile" : "script.lua",
    "scriptName" : "RocketSmokeParticleBig",
    
    "needsLuaRandoms" : false,
    
    "uniformRandoms" : [
        {
            "name" : "moveSpeed",
            "type" : "angular",
            "min"  : 2.0,
            "max"  : 10.0
        },
        {
            "name" : "color",
            "type" : "linear",
            "min"  : 0.2,
            "max"  : 0.5
        },
        {
            "name" : "initialScale",
            "type" : "linear",
            "min"  : 8.0,
            "max"  : 10.0
        },
        {
            "name" : "scaleSpeed",
            "type" : "linear",
            "min"  : 12.0,
            "max"  : 14.0
        },
        {
            "name" : "initialAlpha",
            "type" : "linear",
            "min"  : 0.5,
            "max"  : 1.0
        },
        {
            "name" : "fadeOutSpeed",
            "type" : "linear",
            "min"  : 0.4,
            "max"  : 0.8
        }
    ]
}