{
  "type" : "gun",
  "name": "Shotgun",
  "icon" : "icon.png",
  "bulletTexture" : "bullet.png",
  "bulletSize" : [6.0, 6.0],
  "bulletMeshShift" : [0.0, 0.0],
  "bulletRadius" : 2.0,
  "bulletSpeed" : 850.0,
  "bulletDamage" : [20, 35],
  
  "bulletLifeTime" : 0.70,
  
  "maxAmmo" : 6,
  "reloadTime" : 1.9,
  
  
  "firingSound" : {
    "path" : "shotgun.ogg",
    "volume" : 0.85
  },
  
  "hideSpread" : true,
  
  "scriptFile" : "shotgun.lua",
  "scriptName" : "Shotgun"
}