{
  "type" : "gun",
  "name": "Frost Laser",
  "icon" : "icon.png",
  "bulletTexture" : "laser.png",
  "bulletSize" : [15.0, 15.0],
  "bulletRadius" : 4.0,
  "bulletSpeed" : 350.0,
  "bulletDamage" : [8, 16],
  
  "scriptFile" : "frost_laser.lua",
  "scriptName" : "FrostLaser",
  
  "maxAmmo" : 40,
  "reloadTime" : 1.5,
  
  "showShootAnimation" : false,
  
  "firingSoundContinuous" : true,
  "firingSound" : {
    "path" : "laser.ogg",
    "volume" : 0.35
  },
  
  "isLaser" : true,
  "laserTexture" : "laser.png",
  "laserShader" : "laser",
  
  "laserThickness" : 80.0,
  
  "laserBeginShift" : 15.0,
  "laserBeginWidth" : 40.0,
  
  "laserEndShift" : 0.0,
  "laserEndWidth" : 40.0
  
}