
{
    "type" : "player",
    
    "name" : "assault",

    "body": "body.png",
    
    "hitpoint" : 100,
    
    "scale": 1.0,
    
    "bulletRadius": 10.0,
    "collisionRadius": 15.0,
    
    "acceleration": 800.0,
    "decceleration": 1000.0,
    
    "minRotationSpeed": 3.0,
    "maxRotationSpeed": 10.0,
    
    "maxSpeed" : 150.0,
    "maxRotateSpeed" : 6.0,
    
    "bodyScale" : [0.21, 0.21],
    "bodyShift" : [0.0, 0.12],
    
    "gunFireAnim": "shoot",
    
    "gunFireScale" : [7.0, 7.0],
    "gunFireShift" : [7.5, 34.0],
    
    "bulletStartShift" : [7.5, 28.0],
    
    "legSpeed" : 2.0,
    
    "legMinScale" : 0.2,
    "legMaxScale" : 1.05,
    
    "legMaxRotate" : 0.4,
    
    "leftLegFront": "left_front.png",
    "rightLegFront": "right_front.png",
    
    "leftLegback": "left_back.png",
    "rightLegback": "right_back.png"
    
}