{
  "type" : "gun",
  "name": "Plasma Gun",
  "icon" : "icon.png",
  "bulletTexture" : "bullet.png",
  "bulletSize" : [6.0, 6.0],
  "bulletRadius" : 5.0,
  "bulletSpeed" : 550.0,
  "bulletDamage" : [50, 70],
  
  "maxAmmo" : 12,
  "reloadTime" : 2.5,
  
  "firingSound" : {
    "path" : "plasma.ogg",
    "volume" : 0.75
  },
  "bulletHitSound" : "plasma_hit.ogg",
  
  "scriptFile" : "plasmagun.lua",
  "scriptName" : "PlasmaGun",
  
  "shootParticleColor" : [0.0, 0.6, 0.8]
}