{
  "type" : "gun",
  "name": "Gluon Gun",
  "icon" : "icon.png",
  "bulletTexture" : "laser.png",
  "bulletSize" : [15.0, 15.0],
  "bulletRadius" : 4.0,
  "bulletSpeed" : 350.0,
  "bulletDamage" : [30, 45],
  
  "scriptFile" : "big_laser.lua",
  "scriptName" : "BigLaser",
  
  "maxAmmo" : 6,
  "reloadTime" : 15,
  
  "firingSoundContinuous" : true,
  "firingSound" : {
    "path" : "laser.ogg",
    "volume" : 0.65,
    "speed" : 0.9
  },
  "firingSoundFadein" : 0.3,

  "ultimate" : true,
  
  "isLaser" : true,
  "laserTexture" : "laser.png",
  "laserShader" : "laser",
  
  "bulletLevelModifier" : 3,
  
  "laserThickness" : 480.0,
  
  "laserBeginShift" : 10.0,
  "laserBeginWidth" : 40.0,
  
  "laserEndShift" : 0.0,
  "laserEndWidth" : 100.0,
  "showShootAnimation" : false
}