{
    "type" : "particle",
    "maxLifeTime" : 5.0,
    
    "vertexShader" : "shader.vs",
    "pixelShader" : "shader.ps",
    
    "textures" : ["fire2.png"],
    
    "scriptFile" : "script.lua",
    "scriptName" : "ExplosionFireParticle",
    
    "needsLuaRandoms" : false,
    
    "uniformRandoms" : [
        {
            "name" : "moveSpeed",
            "type" : "angular",
            "min"  : 20,
            "max"  : 150.0
        },
        {
            "name" : "uvStart",
            "type" : "vector"
        },
        {
            "name" : "uvSize",
            "type" : "vector",
            "min"  : [0.45, 0.45],
            "max"  : [0.55, 0.55]
        },
        {
            "name" : "color",
            "type" : "linear"
        },
        {
            "name" : "uvShift",
            "type" : "angular",
            "min"  : 0.1,
            "max"  : 0.15
        }
    ]

}