{
  "type" : "gun",
  "name": "Laser",
  "icon" : "icon.png",
  "bulletTexture" : "laser.png",
  "bulletSize" : [15.0, 15.0],
  "bulletRadius" : 4.0,
  "bulletSpeed" : 500.0,
  "bulletDamage" : [35, 40],
  
  "scriptFile" : "laser.lua",
  "scriptName" : "LaserGun",
  
  "maxAmmo" : 40,
  "reloadTime" : 1.5,
  
  "firingSoundContinuous" : true,
  "firingSound" : {
    "path" : "laser.ogg",
    "volume" : 0.55
  },
  
  "showShootAnimation" : false,
  
  "isLaser" : true,
  "laserTexture" : "laser.png",
  "laserShader" : "laser",
  
  "laserThickness" : 20.0,
  
  "laserBeginShift" : 0.0,
  "laserBeginWidth" : 10.0,
  
  "laserEndShift" : 0.0,
  "laserEndWidth" : 40.0
  
}