{
  "type" : "monster",
  "name": "Nar-Sie",
  "hitPoint": 66666,
  "size" : [80.0, 80.0],
  "textureShift" : [0.0, -10.0],
  "bulletRadius" : 40.0,
  "collisionRadius" : 40.0,
  "hasBlood" : true,
  
  "experience" : 0,
  "score" : 0,
  
  "animations" : 
  {
    "stand" : 
    {
        "looped" : true,
        "frameDuration" : 0.12,
        "frames":
        [
            "body_base.png"
        ]
    },
    
    "inhale" : 
    {
        "looped" : false,
        "frameDuration" : 0.15,
        "frames":
        [
            "body_0.png",
            "body_1.png",
            "body_2.png",
            "body_3.png",
            "body_4.png",
            "body_5.png",
            "body_6.png",
            "body_7.png"
        ]
    }
  },
  
  "scriptFile" : "narsie.lua",
  "scriptName" : "NarSie",
  
  "hitSounds" : [
    "~/resources/sounds/monster_hit/hit_0.ogg", 
    "~/resources/sounds/monster_hit/hit_1.ogg", 
    "~/resources/sounds/monster_hit/hit_2.ogg"
  ],
  
  "killSounds" : [
    "~/resources/sounds/monster_hit/hit_0.ogg", 
    "~/resources/sounds/monster_hit/hit_1.ogg", 
    "~/resources/sounds/monster_hit/hit_2.ogg"
  ]
}