{
  "type" : "monster",
  "name": "Alien",
  "hitPoint": 100,
  "size" : [24.0, 34.0],
  "textureShift" : [0.0, -16.0],
  "bulletRadius" : 16.0,
  "collisionRadius" : 12.0,
  "hasBlood" : true,
  
  "experience" : 20,
  "score" : 50,
  
  "animations" : 
  {
    "stand" : 
    {
        "baseFolder" : "art",
        "looped" : true,
        "frameDuration" : 0.5,
        "frames":
        [
            "0.png"
        ]
    },
    
    "walk" : 
    {
        "baseFolder" : "art",
        "looped" : true,
        "frameDuration" : 0.1,
        "frames":
        [
            "0.png",
            "1.png",
            "2.png",
            "3.png",
            "0.png",
            "4.png",
            "5.png",
            "6.png"
        ]
    },
    
    "attack" : 
    {
        "baseFolder" : "art",
        "frameDuration" : 0.1,
        "frames":
        [
            "7.png",
            "8.png",
            "9.png",
            "10.png",
            "11.png"
        ]
    }
  },
  
  "scriptFile" : "alien.lua",
  "scriptName" : "Alien",
  
  "bodyParts" : [
    "art/head.png",
    ["art/arm1.png", 8.0, -30],
    ["art/arm2.png", 8.0, 30],
    ["art/part1.png", -4, -24],
    ["art/part2.png", -3, 21],
    ["art/part3.png", -13.0, 6.0],
    ["art/part4.png", 23.0, -29.0],
    ["art/part5.png", 18.0, 26.0]
  ],
  
  "bodyPartBits" : [
    "art/bit0.png", 
    "art/bit1.png", 
    "art/bit2.png", 
    "art/bit3.png", 
    "art/bit4.png", 
    "art/bit5.png", 
    "art/bit6.png", 
    "art/bit7.png", 
    "art/bit8.png" 
  ],
  
  "hitSounds" : [
    "~/resources/sounds/monster_hit/hit_0.ogg", 
    "~/resources/sounds/monster_hit/hit_1.ogg", 
    "~/resources/sounds/monster_hit/hit_2.ogg"
  ],
  
  "killSounds" : [
    "~/resources/sounds/monster_hit/die_0.ogg", 
    "~/resources/sounds/monster_hit/die_1.ogg", 
    "~/resources/sounds/monster_hit/die_2.ogg", 
    "~/resources/sounds/monster_hit/die_3.ogg", 
    "~/resources/sounds/monster_hit/die_4.ogg", 
    "~/resources/sounds/monster_hit/die_5.ogg",
    "~/resources/sounds/monster_hit/hit_0.ogg", 
    "~/resources/sounds/monster_hit/hit_1.ogg", 
    "~/resources/sounds/monster_hit/hit_2.ogg"
  ]
  
}